{
  "episode": 0,
  "best_reward": 70.09437350366977,
  "timestamp": 1761141558.0032494
}